paper_evidence,source_artifact,command,output,runtime,release_status
Release package verifier,"tracked package files, examples, docs, tests","python3 tools/verify_package.py","package import, toy diagnostic, reviewer quickstart, unit tests","CPU seconds to minutes","fully runnable from release repo"
Reviewer quickstart,"examples/reviewer_quickstart_data/*.csv","python3 examples/run_reviewer_quickstart.py --output-dir /tmp/sidinspector_quickstart","/tmp/sidinspector_quickstart/{preflight_summary.json,diagnostics/*.csv}","CPU seconds","fully runnable from release repo; usability example not paper-table reproduction"
Toy diagnostic,"examples/sample_data/*.csv","python3 examples/run_toy_diagnostic.py --output-dir /tmp/sidinspector_toy","/tmp/sidinspector_toy/*.csv and normalized parquet files","CPU seconds","fully runnable from release repo"
Table 1 evidence catalog,"docs/reproducibility/table1_evidence_catalog.csv; docs/VALIDATED_ADAPTERS.md","python3 tools/verify_reproducibility_matrix.py","matrix and evidence snapshots validated","CPU seconds","tracked evidence snapshot"
Table 2 Musical diagnostic profile,"docs/reproducibility/table2_musical_diagnostic.csv; docs/reproducibility/rqmin_reference_snapshot.csv; local _gate0_artifacts paths listed per row","python3 -m sidinspector.metrics --sid-assignments <normalized/sid_assignments.parquet> --item-metadata <item_metadata.parquet> --interactions <interactions.parquet> --output-dir <metrics_dir>","d1_utilization.csv, d2_collision.csv, d3_alignment.csv, d4_head_tail.csv, d5a_deployment_cost.csv","CPU minutes from normalized artifacts","tracked evidence snapshot; raw local artifacts not shipped"
Table 3 mechanism probes,"docs/reproducibility/table3_probe_calibration.csv; local _gate0_artifacts/controllers/* summary CSVs","python3 tools/verify_reproducibility_matrix.py","probe snapshot validated","CPU seconds","tracked evidence snapshot; controller raw artifacts not shipped"
LETTER official adapter row,"official LETTER item-index JSON artifact; docs/reproducibility/official_adapter_metrics_snapshot.csv","python3 -m sidinspector.adapters.letter ... && python3 -m sidinspector.preflight ... && python3 -m sidinspector.metrics ...","sid_assignments.parquet, preflight JSON, D1-D5 CSVs","CPU minutes after downloading upstream artifact","adapter released; upstream artifact required"
LC-Rec official adapter row,"official LC-Rec Instruments JSON artifact; docs/reproducibility/official_adapter_metrics_snapshot.csv","python3 -m sidinspector.adapters.lcrec ... && python3 -m sidinspector.preflight ... && python3 -m sidinspector.metrics ...","sid_assignments.parquet, preflight JSON, D1-D5 CSVs","CPU minutes after downloading upstream artifact","adapter released; upstream artifact required"
D3/ranking and portability checks,"docs/reproducibility/extension_checks_snapshot.csv; local _gate0_artifacts vertical/downstream/churn paths","python3 -m sidinspector.downstream_probe --manifest <manifest.csv> --output-dir <probe_output>; python3 -m sidinspector.churn --old-sid <old.parquet> --new-sid <new.parquet> --output <d6.csv>","downstream_probe_summary.csv, downstream_probe_correlations.csv, d6_churn*.csv","CPU minutes for bounded probes","tracked evidence snapshot; raw local artifacts not shipped"
